status,board_token,basis,group_key,posting_id_a,posting_id_b,title_a,title_b,location_a,location_b,internal_job_id_a,internal_job_id_b,text_similarity,token_jaccard,exact_text_match,exclusion_reason_a,exclusion_reason_b
candidate,duolingo,internal_job_id,internal_job_id=6478799002,greenhouse:duolingo:8705196002,greenhouse:duolingo:8761234002,Ad Sales Lead - West,Director of Ad Sales - West,Remote - California,Remote - California,6478799002,6478799002,0.999,0.9846,false,,
candidate,robinhood,internal_job_id+title,"internal_job_id=3495720 | title=product marketing manager, international",greenhouse:robinhood:8074011,greenhouse:robinhood:8074057,"Product Marketing Manager, International","Product Marketing Manager, International","Luxembourg, Luxembourg","Ljubljana, Slovenia",3495720,3495720,0.9985,0.9949,false,,
candidate,duolingo,internal_job_id+title,"internal_job_id=6372546002 | title=senior creative director, marketing",greenhouse:duolingo:8442932002,greenhouse:duolingo:8442934002,"Senior Creative Director, Marketing","Senior Creative Director, Marketing","New York, NY","London, England",6372546002,6372546002,0.9979,0.9771,false,,
candidate,duolingo,internal_job_id+title,"internal_job_id=6546163002 | title=proctor quality and learning manager, scaling operations",greenhouse:duolingo:8858331002,greenhouse:duolingo:8858333002,"Proctor Quality and Learning Manager, Scaling Operations","Proctor Quality and Learning Manager, Scaling Operations","New York, NY; Pittsburgh, PA","London, England",6546163002,6546163002,0.9978,0.98,false,,
candidate,robinhood,internal_job_id+title,"internal_job_id=3495720 | title=product marketing manager, international",greenhouse:robinhood:8067556,greenhouse:robinhood:8074057,"Product Marketing Manager, International","Product Marketing Manager, International","London, UK","Ljubljana, Slovenia",3495720,3495720,0.9966,0.9899,false,,
candidate,robinhood,internal_job_id+title,"internal_job_id=3495720 | title=product marketing manager, international",greenhouse:robinhood:8067556,greenhouse:robinhood:8074011,"Product Marketing Manager, International","Product Marketing Manager, International","London, UK","Luxembourg, Luxembourg",3495720,3495720,0.9964,0.9899,false,,
candidate,duolingo,title,title=senior product designer,greenhouse:duolingo:8489189002,greenhouse:duolingo:8675713002,Senior Product Designer,Senior Product Designer,"New York, NY; Pittsburgh, PA","Beijing, China",6250018002,6465433002,0.9956,0.9723,false,,
candidate,robinhood,internal_job_id+title,"internal_job_id=3369307 | title=senior software engineer, custody services",greenhouse:robinhood:7648452,greenhouse:robinhood:7648454,"Senior Software Engineer, Custody Services","Senior Software Engineer, Custody Services","London, UK","Ljubljana, Slovenia",3369307,3369307,0.9952,0.9846,false,,
candidate,recursionpharmaceuticals,internal_job_id+title,"internal_job_id=3284547 | title=executive director, clinical pharmacology/pharmacometrics",greenhouse:recursionpharmaceuticals:8234254,greenhouse:recursionpharmaceuticals:8234261,"Executive Director, Clinical Pharmacology/Pharmacometrics","Executive Director, Clinical Pharmacology/Pharmacometrics",Remote Opportunity - United States,Remote Opportunity - United Kingdom,3284547,3284547,0.9905,0.9639,false,,
candidate,robinhood,internal_job_id,internal_job_id=3384739,greenhouse:robinhood:7958748,greenhouse:robinhood:8224805,"Customer Experience Representative, Concierge","Overnight Customer Experience Representative, Concierge  ","Denver, CO; Westlake, TX","Denver, CO; Westlake, TX",3384739,3384739,0.9535,0.9338,false,,
candidate,robinhood,internal_job_id+title,"internal_job_id=3562596 | title=senior software engineer, prime",greenhouse:robinhood:8232853,greenhouse:robinhood:8232855,"Senior Software Engineer, Prime","Senior Software Engineer, Prime","London, UK","Ljubljana, Slovenia",3562596,3562596,0.9505,0.9067,false,,
candidate,robinhood,internal_job_id,internal_job_id=3523808,greenhouse:robinhood:8142278,greenhouse:robinhood:8147341,"Senior Staff Software Developer, Core Infrastructure","Senior Staff Software Engineer, Core Infrastructure","Toronto, Canada","Bellevue, WA",3523808,3523808,0.9469,0.9075,false,,
candidate,robinhood,internal_job_id,internal_job_id=3544002,greenhouse:robinhood:8189867,greenhouse:robinhood:8189869,"Senior Staff Software Engineer, Developer Infrastructure","Senior Staff Software Developer, Developer Infrastructure","Menlo Park, CA; New York, NY","Toronto, Canada",3544002,3544002,0.9235,0.8436,false,,
candidate,robinhood,internal_job_id+title,"internal_job_id=3538089 | title=engineering manager, international",greenhouse:robinhood:8175213,greenhouse:robinhood:8175215,"Engineering Manager, International","Engineering Manager, International","New York, NY","Toronto, Canada",3538089,3538089,0.9173,0.8405,false,,
candidate,robinhood,internal_job_id,internal_job_id=3302456,greenhouse:robinhood:8049809,greenhouse:robinhood:8049885,"Senior Android Engineer, Trading Products","Senior Android Engineer, iRAD","Menlo Park, CA","Menlo Park, CA; New York, NY",3302456,3302456,0.8975,0.8722,false,,
candidate,robinhood,internal_job_id+title,"internal_job_id=3543646 | title=senior software engineer, tokenization",greenhouse:robinhood:8189057,greenhouse:robinhood:8189059,"Senior Software Engineer, Tokenization","Senior Software Engineer, Tokenization","Menlo Park, CA; New York, NY","Toronto, Canada",3543646,3543646,0.8942,0.8265,false,,
candidate,robinhood,internal_job_id+title,"internal_job_id=3543625 | title=software engineer, tokenization",greenhouse:robinhood:8189005,greenhouse:robinhood:8189007,"Software Engineer, Tokenization","Software Engineer, Tokenization","Menlo Park, CA; New York, NY","Toronto, Canada",3543625,3543625,0.8917,0.8224,false,,
candidate,robinhood,internal_job_id,internal_job_id=3085172,greenhouse:robinhood:7350823,greenhouse:robinhood:8202874,"Android Engineer, Money Experience","Android Engineer, Social","Menlo Park, CA","Menlo Park, CA; New York, NY",3085172,3085172,0.8838,0.7867,false,,
candidate,robinhood,internal_job_id,internal_job_id=3504367,greenhouse:robinhood:8088453,greenhouse:robinhood:8088455,"Senior Software Engineer, Wallet","Senior Software Developer, Wallet","Menlo Park, CA; New York, NY","Toronto, Canada",3504367,3504367,0.8834,0.8214,false,,
candidate,robinhood,internal_job_id+title,"internal_job_id=3322842 | title=staff software engineer, web3",greenhouse:robinhood:7489950,greenhouse:robinhood:7489952,"Staff Software Engineer, Web3","Staff Software Engineer, Web3","Menlo Park, CA; New York, NY","Toronto, Canada",3322842,3322842,0.8823,0.8124,false,,
candidate,robinhood,internal_job_id,internal_job_id=3302456,greenhouse:robinhood:8049809,greenhouse:robinhood:8100160,"Senior Android Engineer, Trading Products","Senior Android Engineer, Crypto Expansion","Menlo Park, CA","Menlo Park, CA; New York, NY",3302456,3302456,0.8649,0.8301,false,,
candidate,robinhood,internal_job_id,internal_job_id=3085172,greenhouse:robinhood:6669758,greenhouse:robinhood:7350823,"Android Engineer, Government Products","Android Engineer, Money Experience","New York, NY","Menlo Park, CA",3085172,3085172,0.8605,0.7795,false,,
candidate,duolingo,internal_job_id,internal_job_id=6488340002,greenhouse:duolingo:8725638002,greenhouse:duolingo:8734207002,"Senior Engineering Manager, Product","Engineering Manager, Product","New York, NY; Pittsburgh, PA","New York, NY",6488340002,6488340002,0.8593,0.798,false,,
candidate,robinhood,internal_job_id,internal_job_id=3086217,greenhouse:robinhood:6674980,greenhouse:robinhood:7794027,"iOS Engineer, Government Products","iOS Engineer, Money Experience","New York, NY","Menlo Park, CA",3086217,3086217,0.8414,0.7771,false,,
candidate,robinhood,internal_job_id,internal_job_id=3500935,greenhouse:robinhood:8080937,greenhouse:robinhood:8080939,"Staff Software Engineer, DevX (Developer Infrastructure)","Staff Software Developer, DevX (Developer Infrastructure)","New York, NY","Toronto, Canada",3500935,3500935,0.8361,0.765,false,,
candidate,robinhood,internal_job_id,internal_job_id=3302456,greenhouse:robinhood:8049885,greenhouse:robinhood:8100160,"Senior Android Engineer, iRAD","Senior Android Engineer, Crypto Expansion","Menlo Park, CA; New York, NY","Menlo Park, CA; New York, NY",3302456,3302456,0.8324,0.831,false,,
candidate,robinhood,internal_job_id,internal_job_id=3085172,greenhouse:robinhood:6669758,greenhouse:robinhood:8202874,"Android Engineer, Government Products","Android Engineer, Social","New York, NY","Menlo Park, CA; New York, NY",3085172,3085172,0.8284,0.7431,false,,
candidate,duolingo,internal_job_id,internal_job_id=6499841002,greenhouse:duolingo:8750527002,greenhouse:duolingo:8750636002,"Senior Data Scientist, User Growth","Senior Data Scientist, Growth Forecasting","New York, NY; Pittsburgh, PA","New York, NY; Pittsburgh, PA",6499841002,6499841002,0.7111,0.6907,false,,
candidate,robinhood,title,title=financial operations manager,greenhouse:robinhood:8090190,greenhouse:robinhood:8164884,Financial Operations Manager,Financial Operations Manager,Singapore,"Lake Mary, FL; New York, NY",3502513,3533490,0.5743,0.4594,false,,
candidate,robinhood,internal_job_id+title,internal_job_id=3315170 | title=staff offensive security engineer,greenhouse:robinhood:7460167,greenhouse:robinhood:7460169,Staff Offensive Security Engineer,Staff Offensive Security Engineer,"Bellevue, WA; Denver, CO; Menlo Park, CA; New York, NY","Toronto, Canada",3315170,3315170,0.5549,0.5128,false,,
