snapshot_id,posting_id,split,board_token,company_name,title,location,first_department,seniority_label,group_id,group_size,group_basis,group_members,clean_text_sha256,seed,selection_version
20261006T171338Z,greenhouse:duolingo:8675713002,development,duolingo,Duolingo,Senior Product Designer,"Beijing, China",Product Design,senior,grp:greenhouse:duolingo:8489189002,2,base_title,greenhouse:duolingo:8489189002;greenhouse:duolingo:8675713002,09b711a3859c1a3515e93f7857a951a4857d3bd2f9200662576cfb8ad3ee5578,20261006,1.0.0
20261006T171338Z,greenhouse:duolingo:8722385002,development,duolingo,Duolingo,"Senior Learning Designer, Indian Languages","Pittsburgh, PA",Learning Experience,senior,grp:greenhouse:duolingo:8722385002,1,singleton,greenhouse:duolingo:8722385002,c200221c2dab6d471956cf18841a89c43f7a5efc994e797f07e8c55759196e20,20261006,1.0.0
20261006T171338Z,greenhouse:duolingo:8810661002,development,duolingo,Duolingo,"Senior Creative, Social","New York, NY; Pittsburgh, PA",Marketing and Communications,senior,grp:greenhouse:duolingo:8810661002,1,singleton,greenhouse:duolingo:8810661002,62c63aa7a83c7f02870e7147ce035909657e1667b91faa95b2cfd178f7d5138b,20261006,1.0.0
20261006T171338Z,greenhouse:duolingo:8863967002,development,duolingo,Duolingo,"Illustrator, Intern","Detroit, MI",University,intern,grp:greenhouse:duolingo:8863967002,1,singleton,greenhouse:duolingo:8863967002,c59091139ed9717968a6f0c1906886b25fa8bfa7e681715c0cea2691eb0080c0,20261006,1.0.0
20261006T171338Z,greenhouse:figma:6013304004,development,figma,Figma,"Data Scientist, Finance","San Francisco, CA • New York, NY • United States",Engineering,unknown,grp:greenhouse:figma:6013304004,1,singleton,greenhouse:figma:6013304004,0f66c25a379aefecf54a6d85d7029a802f5dc8a3121e221256847c813a88debd,20261006,1.0.0
20261006T171338Z,greenhouse:figma:6112135004,development,figma,Figma,"Director, Marketing - Figma Weave (New York, United States)","New York, NY",Weavy - Figma Weave,director,grp:greenhouse:figma:6112135004,1,singleton,greenhouse:figma:6112135004,d45cf9f16bcb1a68c0fdae764805fb10dac8c307ec68af3fdbb6d4974ce825de,20261006,1.0.0
20261006T171338Z,greenhouse:figma:6131079004,development,figma,Figma,"Brand Designer,  Product Launches","San Francisco, CA • New York, NY • United States",Design,unknown,grp:greenhouse:figma:6131079004,1,singleton,greenhouse:figma:6131079004,483b7233ed421bb46704ff181e1e4ce6d07a5e94b45d7d1f0017a215c4b14fb4,20261006,1.0.0
20261006T171338Z,greenhouse:figma:6152695004,development,figma,Figma,"Software Engineer Intern (London, United Kingdom) (Summer 2027) ","London, England",Early Career,intern,grp:greenhouse:figma:6131089004,3,base_title,greenhouse:figma:6131089004;greenhouse:figma:6143238004;greenhouse:figma:6152695004,9276ba2153e10e127bf22322bb690920b7e98ffa63e639396a5d4de287f96e68,20261006,1.0.0
20261006T171338Z,greenhouse:figma:6191697004,development,figma,Figma,"Manager, Recruiting - Sales","San Francisco, CA • New York, NY • United States",Talent,manager,grp:greenhouse:figma:6191697004,1,singleton,greenhouse:figma:6191697004,13975357919d5e5932e0006c2dea09a7b869e85dad6dcee41b8f91982c974df9,20261006,1.0.0
20261006T171338Z,greenhouse:oura:4156667009,development,oura,Oura,"Senior Director, Corporate Strategy","Hybrid - San Francisco, California",Business Operations,director,grp:greenhouse:oura:4156667009,1,singleton,greenhouse:oura:4156667009,4478976c7a262ebe9e4843c2783ff8d1958e3c539e3e5fb25bd31295dc5da373,20261006,1.0.0
20261006T171338Z,greenhouse:oura:4386217009,development,oura,Oura,Senior Software Test Engineer,"Hybrid - San Francisco, California",Hardware,senior,grp:greenhouse:oura:4386217009,1,singleton,greenhouse:oura:4386217009,f67846c91a3196537d9dfb69b85ae1d228ef32d26eb92e4a1a6b414f18947abd,20261006,1.0.0
20261006T171338Z,greenhouse:oura:4409462009,development,oura,Oura,"Director, Product Design Operations","Hybrid - San Francisco, California",Design,director,grp:greenhouse:oura:4409462009,1,singleton,greenhouse:oura:4409462009,1bc655aec3761f56338235728c73057ade6d69e18badd7c089ea2c01b1807de9,20261006,1.0.0
20261006T171338Z,greenhouse:oura:4419167009,development,oura,Oura,Senior ML Algorithm Scientist,"Hybrid - London, England",Science,senior,grp:greenhouse:oura:4419167009,1,singleton,greenhouse:oura:4419167009,81c46c4ef9826919b79358c985a93de08ed096320f6389338c62b5d14d8fd8af,20261006,1.0.0
20261006T171338Z,greenhouse:oura:4429661009,development,oura,Oura,Staff AI Data Transformation Architect,"Hybrid - San Francisco, California",Data Engineering & Analytics,staff_principal,grp:greenhouse:oura:4429661009,1,singleton,greenhouse:oura:4429661009,63f2325bfaadcfe70498438ccba1abe7bcf66528f14eed336beb02a50adbf4a4,20261006,1.0.0
20261006T171338Z,greenhouse:recursionpharmaceuticals:8049037,development,recursionpharmaceuticals,Recursion Pharmaceuticals,"Executive Director, Corporate Strategy & Intelligence","New York, New York",Development,director,grp:greenhouse:recursionpharmaceuticals:8049037,1,singleton,greenhouse:recursionpharmaceuticals:8049037,fe36b52418e9d387f4f2020b90b696112ed96cc8e209d7d02339f2e1adf7657d,20261006,1.0.0
20261006T171338Z,greenhouse:recursionpharmaceuticals:8188707,development,recursionpharmaceuticals,Recursion Pharmaceuticals,Senior AI Researcher,Remote Opportunity - United States,Engineering,senior,grp:greenhouse:recursionpharmaceuticals:8188707,1,singleton,greenhouse:recursionpharmaceuticals:8188707,38f9321c7db3b5f8c8e6fd73e6f086ac94db0808c646f3ab3caadab095bdbfe1,20261006,1.0.0
20261006T171338Z,greenhouse:robinhood:4738660,development,robinhood,Robinhood,"Senior Software Engineer, Data Engineering","Menlo Park, CA",ENG Data Science,senior,grp:greenhouse:robinhood:4738660,1,singleton,greenhouse:robinhood:4738660,359bc65c4f8e2c9abd389a3192f893cb9f3e1203543bb55f32aa2fcc50bb77e9,20261006,1.0.0
20261006T171338Z,greenhouse:robinhood:8175213,development,robinhood,Robinhood,"Engineering Manager, International","New York, NY",Crypto Engineering,manager,grp:greenhouse:robinhood:8175213,2,base_title+internal_job_id,greenhouse:robinhood:8175213;greenhouse:robinhood:8175215,2f3dfb602f6a4f05698845a586a659b8eee9f2d68a478c402c5b3f50d7558dc7,20261006,1.0.0
20261006T171338Z,greenhouse:robinhood:8197614,development,robinhood,Robinhood,People Partner Intern (Summer 2027),"New York, NY",PeopleX Division,intern,grp:greenhouse:robinhood:8197614,1,singleton,greenhouse:robinhood:8197614,6746711ed997785d698951afa90ede6bc6d9b1284898779349ed403bf4a952ce,20261006,1.0.0
20261006T171338Z,greenhouse:robinhood:8202146,development,robinhood,Robinhood,Internal Audit Senior Associate,"Ljubljana, Slovenia",Internal Audit,senior,grp:greenhouse:robinhood:8202146,1,singleton,greenhouse:robinhood:8202146,da64ef5fda30b637e3fdda2d2d99acef7e5cab4ced49436a4cb9fb84b4323897,20261006,1.0.0
20261006T171338Z,greenhouse:duolingo:8562297002,evaluation,duolingo,Duolingo,VP of Strategy and Corporate Development,"New York, NY; Pittsburgh, PA",Strategy + Business Operations,executive,grp:greenhouse:duolingo:8562297002,1,singleton,greenhouse:duolingo:8562297002,c956573e9425b9f4a1b9e314b29d7da7d3819298eb58aeb144f12bac2b4e3a0a,20261006,1.0.0
20261006T171338Z,greenhouse:duolingo:8576434002,evaluation,duolingo,Duolingo,Corporate Counsel,"Pittsburgh, PA",Legal,unknown,grp:greenhouse:duolingo:8576434002,1,singleton,greenhouse:duolingo:8576434002,b9e4204eab3116463df17f7b5312077cda34f084a4ddf62ffd97e71e6182235d,20261006,1.0.0
20261006T171338Z,greenhouse:duolingo:8602840002,evaluation,duolingo,Duolingo,Executive Assistant to the CEO,"New York, NY; Pittsburgh, PA",Executive + Senior Leadership,unknown,grp:greenhouse:duolingo:8602840002,1,singleton,greenhouse:duolingo:8602840002,2773f60420462284a0f92959d333119d7d8d1f29347c2db2f4ba4b67e2a62128,20261006,1.0.0
20261006T171338Z,greenhouse:duolingo:8610345002,evaluation,duolingo,Duolingo,Staff AI Research Engineer ,"New York, NY; Pittsburgh, PA",AI + Machine Learning Engineering,staff_principal,grp:greenhouse:duolingo:8610345002,1,singleton,greenhouse:duolingo:8610345002,620fe156d309ecdde99372ccbdf815d683673be35e3b39f164e419446bcb2f65,20261006,1.0.0
20261006T171338Z,greenhouse:duolingo:8612120002,evaluation,duolingo,Duolingo,"Software Engineer II, iOS, Growth","Beijing, China",Software Engineering,mid,grp:greenhouse:duolingo:8612120002,1,singleton,greenhouse:duolingo:8612120002,fa8c537c1a247bd874888d78dc64505e7cc16353703700e0de7851097c8945f7,20261006,1.0.0
20261006T171338Z,greenhouse:duolingo:8637185002,evaluation,duolingo,Duolingo,Managing Editor,"Tokyo, Japan",Design Studio,manager,grp:greenhouse:duolingo:8637185002,1,singleton,greenhouse:duolingo:8637185002,625d22e879fde6c357e6b3ecd9b25dc97035afbb6697115455d7ca55d5d7fb57,20261006,1.0.0
20261006T171338Z,greenhouse:duolingo:8654296002,evaluation,duolingo,Duolingo,"Senior Data Science Manager, User Growth","New York, NY; Pittsburgh, PA",Data Science + Analytics,manager,grp:greenhouse:duolingo:8654296002,1,singleton,greenhouse:duolingo:8654296002,cdb938d43871a2d9d9759e8d267b2063caf898dfe828da623f6bb5aa16ca4885,20261006,1.0.0
20261006T171338Z,greenhouse:duolingo:8691257002,evaluation,duolingo,Duolingo,"Director, Talent Acquisition – Sourcing","Pittsburgh, PA",Talent Acquisition,director,grp:greenhouse:duolingo:8691257002,1,singleton,greenhouse:duolingo:8691257002,5878aa6e64b0de12b28ec10533384e9e8390390bda89d339f71e4e50d004b3d1,20261006,1.0.0
20261006T171338Z,greenhouse:duolingo:8700582002,evaluation,duolingo,Duolingo,Director of Ad Platform Operations,"New York, NY; Pittsburgh, PA",Scaling Operations,director,grp:greenhouse:duolingo:8700582002,1,singleton,greenhouse:duolingo:8700582002,1df47731293ca3463ae39eaa28471a0718dd1ccb976da19276cd4b7dcde635cd,20261006,1.0.0
20261006T171338Z,greenhouse:duolingo:8705196002,evaluation,duolingo,Duolingo,Ad Sales Lead - West,Remote - California,Business,ambiguous,grp:greenhouse:duolingo:8705196002,2,internal_job_id,greenhouse:duolingo:8705196002;greenhouse:duolingo:8761234002,155dc78c04842ae3d5bbd08377ccb6c6e03c77d2608fa9c008de447107f5085a,20261006,1.0.0
20261006T171338Z,greenhouse:duolingo:8747077002,evaluation,duolingo,Duolingo,"VP of Product, Growth and Monetization","New York, NY; Pittsburgh, PA",Product Management,executive,grp:greenhouse:duolingo:8747077002,1,singleton,greenhouse:duolingo:8747077002,8e18501a58f72a60362ac6509cd5cef63221975aa45436794c8be8d160016a81,20261006,1.0.0
20261006T171338Z,greenhouse:duolingo:8750456002,evaluation,duolingo,Duolingo,Staff Product Researcher,"New York, NY",UX Research,staff_principal,grp:greenhouse:duolingo:8750456002,1,singleton,greenhouse:duolingo:8750456002,d5295de4cf331052d0b5f9321d8d3df3c0acc1daa56b54a9c44326b0044b2391,20261006,1.0.0
20261006T171338Z,greenhouse:duolingo:8761428002,evaluation,duolingo,Duolingo,Senior Enterprise Engineer,"New York, NY; Pittsburgh, PA",Software Engineering,senior,grp:greenhouse:duolingo:8761428002,1,singleton,greenhouse:duolingo:8761428002,65de1214a184f246834c42d62579967a03b4248dd2ea0a91aa9dbdcef10310a2,20261006,1.0.0
20261006T171338Z,greenhouse:duolingo:8764849002,evaluation,duolingo,Duolingo,"Senior Engineering Manager, AI Platform ","New York, NY; Pittsburgh, PA",Software Engineering,manager,grp:greenhouse:duolingo:8764849002,1,singleton,greenhouse:duolingo:8764849002,7a6cd490c45eceadb11858d9c1bca42290eb503f42cce15725fce388cf84f964,20261006,1.0.0
20261006T171338Z,greenhouse:duolingo:8784381002,evaluation,duolingo,Duolingo,Senior Site Reliability Engineer,"New York, NY; Pittsburgh, PA",Engineering,senior,grp:greenhouse:duolingo:8784381002,1,singleton,greenhouse:duolingo:8784381002,faeac1ed1b117def567ef3f12966c34ac38d759cb80838b965bd4dc2ac7bfd1f,20261006,1.0.0
20261006T171338Z,greenhouse:duolingo:8806187002,evaluation,duolingo,Duolingo,"Associate Product Manager, Intern","Pittsburgh, PA",University,intern,grp:greenhouse:duolingo:8806187002,1,singleton,greenhouse:duolingo:8806187002,f3252121de660aabf90bd6675274f63d8f01a3baf98a5729f96e62788650c6fa,20261006,1.0.0
20261006T171338Z,greenhouse:duolingo:8827944002,evaluation,duolingo,Duolingo,"Senior Product Manager, Learning","New York, NY; Pittsburgh, PA",Product Management,senior,grp:greenhouse:duolingo:8827944002,1,singleton,greenhouse:duolingo:8827944002,6f9c5b03fca793346249b498d564694326a96437957114e1b92a1ab94c61e025,20261006,1.0.0
20261006T171338Z,greenhouse:duolingo:8851677002,evaluation,duolingo,Duolingo,"Ad Sales Lead, Programmatic","New York, NY",Business Development,ambiguous,grp:greenhouse:duolingo:8851677002,1,singleton,greenhouse:duolingo:8851677002,98b7b7627a2345ff8edeb4b7687980a58dbea607416cf6ed82c6399099b55640,20261006,1.0.0
20261006T171338Z,greenhouse:figma:5552560004,evaluation,figma,Figma,Software Engineer - Growth & Monetization,"San Francisco, CA • New York, NY • United States",Engineering,unknown,grp:greenhouse:figma:5552560004,1,singleton,greenhouse:figma:5552560004,94815c7b610dde208e644cb401bd2956354978134cd0ebc92225a987a41c7ab3,20261006,1.0.0
20261006T171338Z,greenhouse:figma:5552580004,evaluation,figma,Figma,Data Scientist  ,"San Francisco, CA • New York, NY • United States",Engineering,unknown,grp:greenhouse:figma:5552580004,1,singleton,greenhouse:figma:5552580004,4279b9f06638f4692ccfab1a70bf7c4f298cf75a30c3c96229d4127fa63c1996,20261006,1.0.0
20261006T171338Z,greenhouse:figma:5722244004,evaluation,figma,Figma,"Manager, Software Engineering - Billing","San Francisco, CA • New York, NY • United States",Engineering,manager,grp:greenhouse:figma:5722244004,1,singleton,greenhouse:figma:5722244004,90c8d26d229cd3e85063255bc63b66c6fb9972b0608425455729821ec8e501f3,20261006,1.0.0
20261006T171338Z,greenhouse:figma:5735493004,evaluation,figma,Figma,"Solutions Consultant (London, United Kingdom)","London, England",Sales,unknown,grp:greenhouse:figma:5735493004,4,base_title,greenhouse:figma:5735493004;greenhouse:figma:5735853004;greenhouse:figma:5783377004;greenhouse:figma:5993635004,1cc0afe629ec0aa088a43f8040acdd647e7e1cc1e40690804c4106d9c8220901,20261006,1.0.0
20261006T171338Z,greenhouse:figma:5969046004,evaluation,figma,Figma,"Executive Assistant, People","San Francisco, CA",People,unknown,grp:greenhouse:figma:5969046004,1,singleton,greenhouse:figma:5969046004,af8d5dbe2690462bdf8d4c591fbb7163e4bbbce6ea9e7231230348c8cb29223f,20261006,1.0.0
20261006T171338Z,greenhouse:figma:5989185004,evaluation,figma,Figma,"Product Manager, AI Growth","San Francisco, CA • New York, NY • United States",Product,unknown,grp:greenhouse:figma:5989185004,1,singleton,greenhouse:figma:5989185004,5dfcbc8d54eaf22156288ce22989dcbc5f2fa9ee2e021e1d4f5287bba9a7264b,20261006,1.0.0
20261006T171338Z,greenhouse:figma:6104505004,evaluation,figma,Figma,Senior Product Counsel,"San Francisco, CA • New York, NY • United States",Legal,senior,grp:greenhouse:figma:6104505004,1,singleton,greenhouse:figma:6104505004,a8b4952a4f3824eb3d2eb5d35aa398ac11daadf9eba1f9814c6ffe87f040a2a1,20261006,1.0.0
20261006T171338Z,greenhouse:figma:6111625004,evaluation,figma,Figma,Technical Quality Specialist ,"San Francisco, CA • New York, NY • United States",Customer Operations and Support,unknown,grp:greenhouse:figma:6111625004,1,singleton,greenhouse:figma:6111625004,ff4a4fe7623857ef22a29b07db19def13726fd84e813c2f76ec4c7445c4b70d1,20261006,1.0.0
20261006T171338Z,greenhouse:figma:6112112004,evaluation,figma,Figma,"Director, Research - AI Evals","San Francisco, CA • New York, NY • United States",Design,director,grp:greenhouse:figma:6112112004,1,singleton,greenhouse:figma:6112112004,2859d4cf17395b67e69895e183f6ca0e9960cb4f9468659bc581afb3fbbb8ca5,20261006,1.0.0
20261006T171338Z,greenhouse:figma:6119198004,evaluation,figma,Figma,Senior Accountant,"San Francisco, CA • New York, NY • United States",Business Operations,senior,grp:greenhouse:figma:6119198004,1,singleton,greenhouse:figma:6119198004,793bf15a90a26f3a80af331a8436ad9c74ac900bc292d669fed077fa0210ea01,20261006,1.0.0
20261006T171338Z,greenhouse:figma:6144873004,evaluation,figma,Figma,"Manager, Customer Enablement (Tokyo, Japan)","Tokyo, Japan",Sales,manager,grp:greenhouse:figma:6144873004,1,singleton,greenhouse:figma:6144873004,0fa225ba27df39a1a98694d1a30a5a83026a670a370f9eb5695238f6e82e3518,20261006,1.0.0
20261006T171338Z,greenhouse:figma:6145639004,evaluation,figma,Figma,Federal Compliance Manager,"San Francisco, CA • New York, NY • United States",Business Operations,manager,grp:greenhouse:figma:6145639004,1,singleton,greenhouse:figma:6145639004,5bd062744931e8eed410ea89dfaecf699efbea881c6636e24dc100df6d75afbf,20261006,1.0.0
20261006T171338Z,greenhouse:figma:6178857004,evaluation,figma,Figma,Data Science Intern (2027),"San Francisco, CA • New York, NY",Early Career,intern,grp:greenhouse:figma:6178857004,1,singleton,greenhouse:figma:6178857004,e3d781e1469f2940d946182ee0ef6d28826b848c4f6cec6d8e4ed1f64c97f014,20261006,1.0.0
20261006T171338Z,greenhouse:figma:6180053004,evaluation,figma,Figma,"Early Career, Product Designer (2027)","San Francisco, CA • New York, NY",Early Career,entry,grp:greenhouse:figma:6180053004,1,singleton,greenhouse:figma:6180053004,9e0e01747e75e7223e8b48d18c3db5e08f434ea3fd8a3f65612e154b402275d2,20261006,1.0.0
20261006T171338Z,greenhouse:figma:6199185004,evaluation,figma,Figma,"Executive Assistant, Growth Marketing","San Francisco, CA",Marketing,unknown,grp:greenhouse:figma:6199185004,1,singleton,greenhouse:figma:6199185004,0013a333d098f745b05aed0a2bdae8dc2c466fe79a63fd88943422c68a60aef2,20261006,1.0.0
20261006T171338Z,greenhouse:figma:6207950004,evaluation,figma,Figma,"Content Strategist, Product","San Francisco, CA • New York, NY • United States",Marketing,unknown,grp:greenhouse:figma:6207950004,1,singleton,greenhouse:figma:6207950004,652eee5cef8f33aac75aa86f13e4f0de233becc93f54a42c4b73957af39bfcde,20261006,1.0.0
20261006T171338Z,greenhouse:figma:6208999004,evaluation,figma,Figma,"Manager, Tech & Ecosystem Partnerships","San Francisco, CA • New York, NY • United States",Business Development,manager,grp:greenhouse:figma:6208999004,1,singleton,greenhouse:figma:6208999004,791e011c88df8ff5252ebcf12f51ee601ee9ab7c4739af644deec11ef74944f9,20261006,1.0.0
20261006T171338Z,greenhouse:figma:6214991004,evaluation,figma,Figma,Payroll Program Manager,"San Francisco, CA • New York, NY • United States",Business Operations,unknown,grp:greenhouse:figma:6214991004,1,singleton,greenhouse:figma:6214991004,af21dd78659c847bc5e24aac5a98358a81a7eb1c2e79fb91dd7b43f84698bc47,20261006,1.0.0
20261006T171338Z,greenhouse:oura:4024438009,evaluation,oura,Oura,Senior iOS Engineer,Remote - United States,Software Engineering ,senior,grp:greenhouse:oura:4024438009,1,singleton,greenhouse:oura:4024438009,5aba1ee2cd196c986e59f93fce3bdaee5d868a3ebe166fbfd39005d137672f2f,20261006,1.0.0
20261006T171338Z,greenhouse:oura:4110483009,evaluation,oura,Oura,"Senior Sourcing Manager, Mechanicals","Hybrid - San Francisco, California",Supply Chain,manager,grp:greenhouse:oura:4110483009,1,singleton,greenhouse:oura:4110483009,91e4f98a81cc3bd4baa1433acf07a373cbbe87d77ea28bd830ae4f4c99eee0df,20261006,1.0.0
20261006T171338Z,greenhouse:oura:4139939009,evaluation,oura,Oura,"Staff Materials Engineer, PVD ","Hybrid - San Francisco, California",Hardware,staff_principal,grp:greenhouse:oura:4139939009,1,singleton,greenhouse:oura:4139939009,7b1080fe8344b0c83d67fd32e65828141b3b82b4f0df1c39527cc6f3f00e71de,20261006,1.0.0
20261006T171338Z,greenhouse:oura:4215787009,evaluation,oura,Oura,"Technical Program Manager, Hardware Sensing","Hybrid - San Francisco, California",Hardware,unknown,grp:greenhouse:oura:4215787009,1,singleton,greenhouse:oura:4215787009,dbf579ea63eef2797603007aee79ba95fbdbf16b0832c4efcad9fde654b1ab9f,20261006,1.0.0
20261006T171338Z,greenhouse:oura:4247176009,evaluation,oura,Oura,"Design Leader, Software Design","Hybrid - Helsinki, Uusimaa",Design,unknown,grp:greenhouse:oura:4247176009,1,singleton,greenhouse:oura:4247176009,9281ec1d7aa1fa61f7172af3d99825bff8fc59ec0fbfffdfd3724109a0687482,20261006,1.0.0
20261006T171338Z,greenhouse:oura:4257181009,evaluation,oura,Oura,Packaging Program Manager,"On-site - San Francisco, California",Hardware,unknown,grp:greenhouse:oura:4257181009,1,singleton,greenhouse:oura:4257181009,ab658ae00a1d7bb1483e74b66205ab84acc0aeeb885edf2c97046b72e9d7b6c0,20261006,1.0.0
20261006T171338Z,greenhouse:oura:4279727009,evaluation,oura,Oura,Staff Portables and Power Quality Engineer,"Hybrid - San Francisco, California",Supply Chain,staff_principal,grp:greenhouse:oura:4279727009,1,singleton,greenhouse:oura:4279727009,8479b8496a7a66ea96b11da71145b5d53b3551f47914c5308ddde647edb10514,20261006,1.0.0
20261006T171338Z,greenhouse:oura:4295034009,evaluation,oura,Oura,Senior Human Factors Researcher,"Hybrid - San Francisco, California",Design,senior,grp:greenhouse:oura:4295034009,1,singleton,greenhouse:oura:4295034009,c2500e5bc4ebe22606c6706045803065dec6fd37743e54b9a3da365f0464e629,20261006,1.0.0
20261006T171338Z,greenhouse:oura:4301714009,evaluation,oura,Oura,Health Economics & Outcomes Research (HEOR) Lead,"Remote - San Francisco, California",Commercial,ambiguous,grp:greenhouse:oura:4301714009,1,singleton,greenhouse:oura:4301714009,2222b59ce8dff70a05efe60c8e481ecff7e446c7b2682d298acbce7166d9a538,20261006,1.0.0
20261006T171338Z,greenhouse:oura:4304779009,evaluation,oura,Oura,"Senior Data Analyst, Hardware & Supply Chain","Hybrid - San Francisco, California",Data Engineering & Analytics,senior,grp:greenhouse:oura:4304779009,1,singleton,greenhouse:oura:4304779009,e2c909a88f43ad8929c8e82fa40f4a4e77102c326468286dcc5a1c140949ff4d,20261006,1.0.0
20261006T171338Z,greenhouse:oura:4324331009,evaluation,oura,Oura,VP of Global Tax,Remote - United States,Finance,executive,grp:greenhouse:oura:4324331009,1,singleton,greenhouse:oura:4324331009,536afecddab65a432ca3cdcb2753a55f2f1f68277de6c795026c9da408fc2322,20261006,1.0.0
20261006T171338Z,greenhouse:oura:4324538009,evaluation,oura,Oura,"Senior Business Systems Analyst, Supply Chain ",Remote - United States,IT,senior,grp:greenhouse:oura:4324538009,1,singleton,greenhouse:oura:4324538009,2c0b1f365839a84e651ec6a38e4fced48d49ae58befaeacbf14d6235cab47a7f,20261006,1.0.0
20261006T171338Z,greenhouse:oura:4360990009,evaluation,oura,Oura,"Senior Manager, Electrical Engineering ","Hybrid - San Francisco, California; On-site - San Francisco, California",Hardware,manager,grp:greenhouse:oura:4360990009,1,singleton,greenhouse:oura:4360990009,a9fc9d0e8dd140eb7e0e0313dcf80b57b88baf51a69a7cac83251545aca599f9,20261006,1.0.0
20261006T171338Z,greenhouse:oura:4386213009,evaluation,oura,Oura,Senior Consumer Insights Manager (Contract),Remote - United States,Product,manager,grp:greenhouse:oura:4386213009,1,singleton,greenhouse:oura:4386213009,206639781b2cb65f6a41a05142e28dd8003046cd3ecd5cb74b39d9cda283def6,20261006,1.0.0
20261006T171338Z,greenhouse:oura:4388843009,evaluation,oura,Oura,"Supplier Development Engineer, Brittles","Hybrid - San Francisco, California",Supply Chain,unknown,grp:greenhouse:oura:4388843009,1,singleton,greenhouse:oura:4388843009,deb62f6bf57c13ca09c7c8d6b0e83696f722737157107f63c63b9045366d389f,20261006,1.0.0
20261006T171338Z,greenhouse:oura:4411439009,evaluation,oura,Oura,"Senior UX Researcher, Commerce (Fixed-Term)","Remote - San Francisco, California",Marketing,senior,grp:greenhouse:oura:4411439009,1,singleton,greenhouse:oura:4411439009,3a44bf24514213691062b89c73d38905700e6c534cd704ce1c293ae5756641a8,20261006,1.0.0
20261006T171338Z,greenhouse:oura:4419213009,evaluation,oura,Oura,"Manager, Visual Merchandising, EMEA","Hybrid - London, England",Marketing,manager,grp:greenhouse:oura:4419213009,1,singleton,greenhouse:oura:4419213009,335ef862fbcd774ae2c633a0a022da4ba800210fd01e5d61e377529d4738b65c,20261006,1.0.0
20261006T171338Z,greenhouse:oura:4424202009,evaluation,oura,Oura,"Senior Director, Assistant General Counsel for International Employment","Hybrid - London, England",Legal,director,grp:greenhouse:oura:4424202009,1,singleton,greenhouse:oura:4424202009,9473cae794514b1c77ba61ca9cb717685eb640baa7dcd93d072f3099034598a0,20261006,1.0.0
20261006T171338Z,greenhouse:recursionpharmaceuticals:7961602,evaluation,recursionpharmaceuticals,Recursion Pharmaceuticals,"Associate Director, Computational Biology – Early Discovery","Salt Lake City, Utah",Data Science,director,grp:greenhouse:recursionpharmaceuticals:7961602,1,singleton,greenhouse:recursionpharmaceuticals:7961602,905ab151c837af77b74899a31cb734499a541df7eef4adeb937bf3f40dec0679,20261006,1.0.0
20261006T171338Z,greenhouse:recursionpharmaceuticals:8054131,evaluation,recursionpharmaceuticals,Recursion Pharmaceuticals,Senior Computational Biologist - Early Discovery Oncology,"New York, New York; Salt Lake City, Utah",Data Science,senior,grp:greenhouse:recursionpharmaceuticals:8054131,1,singleton,greenhouse:recursionpharmaceuticals:8054131,e145400e59e98c00839a7c4b2ce5d2e39875d77030aa1515a8a24f795c8809ca,20261006,1.0.0
20261006T171338Z,greenhouse:recursionpharmaceuticals:8054379,evaluation,recursionpharmaceuticals,Recursion Pharmaceuticals,Senior Computational Biologist – Early Discovery Immunology,"New York, New York; Salt Lake City, Utah",Data Science,senior,grp:greenhouse:recursionpharmaceuticals:8054379,1,singleton,greenhouse:recursionpharmaceuticals:8054379,20649270c1ac4a37b44480ddbb20fce7b55b861cb563ccac75260b54d1620b24,20261006,1.0.0
20261006T171338Z,greenhouse:recursionpharmaceuticals:8157465,evaluation,recursionpharmaceuticals,Recursion Pharmaceuticals,"Vice President, Business Development and Licensing","New York, New York",Business Development,executive,grp:greenhouse:recursionpharmaceuticals:8157465,1,singleton,greenhouse:recursionpharmaceuticals:8157465,5287a5520ae5373101bfd3c2996ead98902dea527166dd1e228d8455b391f65a,20261006,1.0.0
20261006T171338Z,greenhouse:recursionpharmaceuticals:8221194,evaluation,recursionpharmaceuticals,Recursion Pharmaceuticals,"Executive Director, Asset Team Lead",Remote Opportunity - United States,Development,director,grp:greenhouse:recursionpharmaceuticals:8221194,1,singleton,greenhouse:recursionpharmaceuticals:8221194,7087577a6d982e16ca58c7c6df3dec175b74d4c3787cdb7ad3aa48c812725268,20261006,1.0.0
20261006T171338Z,greenhouse:recursionpharmaceuticals:8221491,evaluation,recursionpharmaceuticals,Recursion Pharmaceuticals,"Vice President, Medical Affairs",Remote Opportunity - United States,Development,executive,grp:greenhouse:recursionpharmaceuticals:8221491,1,singleton,greenhouse:recursionpharmaceuticals:8221491,4a61247829e6990d0f23f636e6ba082ef8b78f1efa9e5c81d9182d3a74179675,20261006,1.0.0
20261006T171338Z,greenhouse:recursionpharmaceuticals:8234254,evaluation,recursionpharmaceuticals,Recursion Pharmaceuticals,"Executive Director, Clinical Pharmacology/Pharmacometrics",Remote Opportunity - United States,Development,director,grp:greenhouse:recursionpharmaceuticals:8234254,2,base_title+internal_job_id,greenhouse:recursionpharmaceuticals:8234254;greenhouse:recursionpharmaceuticals:8234261,cd9e809b9a23f4cd17fef2d5dc04c506921055670f89cf9ca02ce0091bf8f724,20261006,1.0.0
20261006T171338Z,greenhouse:robinhood:7490017,evaluation,robinhood,Robinhood,Product Designer,"Menlo Park, CA; New York, NY",Growth Design Division,unknown,grp:greenhouse:robinhood:7490017,1,singleton,greenhouse:robinhood:7490017,bf4838d810bcc7280379f46d068dc2ea10fe96e369ce3756621596637c5eaeda,20261006,1.0.0
20261006T171338Z,greenhouse:robinhood:7943204,evaluation,robinhood,Robinhood,"Assistant General Counsel, Credit Cards","Menlo Park, CA; New York, NY; Washington, DC",Legal,unknown,grp:greenhouse:robinhood:7943204,1,singleton,greenhouse:robinhood:7943204,c75df648204e015a9b014f6c34771785019069172853d87df5517d76721a754f,20261006,1.0.0
20261006T171338Z,greenhouse:robinhood:7997218,evaluation,robinhood,Robinhood,"Staff Data Scientist,  ML (Credit Risk)","Menlo Park, CA; New York, NY; Washington, DC",Money Growth Marketing - Data Science Division,staff_principal,grp:greenhouse:robinhood:7997218,1,singleton,greenhouse:robinhood:7997218,ccb5e4dfd6e1fee95f4747db766198f9f717a943bf769880c143be7c94fbba63,20261006,1.0.0
20261006T171338Z,greenhouse:robinhood:8003233,evaluation,robinhood,Robinhood,"Staff Web Engineer, Legend","Menlo Park, CA; New York, NY",Brokerage Engineering,staff_principal,grp:greenhouse:robinhood:8003233,1,singleton,greenhouse:robinhood:8003233,36c3a9e32ee69768f922866c9fdfddd8bdf5211ee1cea90cf598d3ec7693af3f,20261006,1.0.0
20261006T171338Z,greenhouse:robinhood:8008723,evaluation,robinhood,Robinhood,"Full Stack Software Engineer, Credit Cards & Banking","Bellevue, WA; Menlo Park, CA; New York, NY",Money Engineering,unknown,grp:greenhouse:robinhood:8008723,1,singleton,greenhouse:robinhood:8008723,8cfda4bfd26e54502c41f452cb4be3c7f6152bf98092e1f6ba57b3fcb2be7ea2,20261006,1.0.0
20261006T171338Z,greenhouse:robinhood:8044746,evaluation,robinhood,Robinhood,"Staff Product Manager, Banking","Menlo Park, CA; New York, NY; Washington, DC",Money Product Division,staff_principal,grp:greenhouse:robinhood:8044746,1,singleton,greenhouse:robinhood:8044746,832ccf6f18fa30ad00c846d88676fb454a6bdd701a60ae03f88c3cc8d9df245f,20261006,1.0.0
20261006T171338Z,greenhouse:robinhood:8077864,evaluation,robinhood,Robinhood,Compliance Operations Specialist,"Chicago, IL; Denver, CO; Lake Mary, FL; New York, NY",Investment Strategy,unknown,grp:greenhouse:robinhood:8077864,1,singleton,greenhouse:robinhood:8077864,4e86860d8ddcd37b4dbe8f2ff859e937a3b0c19d0193df6bae0651c5e27faaec,20261006,1.0.0
20261006T171338Z,greenhouse:robinhood:8112333,evaluation,robinhood,Robinhood,Knowledge & Operational Readiness Lead,"Denver, CO; Westlake, TX",Customer Care,ambiguous,grp:greenhouse:robinhood:8112333,1,singleton,greenhouse:robinhood:8112333,e9309a5dad87e9cb3dd9428036edd736d11eb3d862e924d991001f872674324d,20261006,1.0.0
20261006T171338Z,greenhouse:robinhood:8123225,evaluation,robinhood,Robinhood,"Software Engineering Intern, Backend (Summer 2027)","Bellevue, WA; Menlo Park, CA; New York, NY",ENG Executive Office,intern,grp:greenhouse:robinhood:8123225,1,singleton,greenhouse:robinhood:8123225,03b0e3337408f2429c66f08eb7b48b71f18879f6424ac2ef39faf9a12a829cbe,20261006,1.0.0
20261006T171338Z,greenhouse:robinhood:8142278,evaluation,robinhood,Robinhood,"Senior Staff Software Developer, Core Infrastructure","Toronto, Canada",ENG Infrastructure,staff_principal,grp:greenhouse:robinhood:8142278,2,internal_job_id,greenhouse:robinhood:8142278;greenhouse:robinhood:8147341,aa824858b4ffbb3c3a186d1fc7381f2bcebf8ccceffe9513abdae026a738ba77,20261006,1.0.0
20261006T171338Z,greenhouse:robinhood:8144996,evaluation,robinhood,Robinhood,Crypto Risk Lead,"Toronto, Canada",Wonderfi Customer Operations,ambiguous,grp:greenhouse:robinhood:8144996,1,singleton,greenhouse:robinhood:8144996,01d49a7334c6bd39438fd5fb7c4456304418837860d4775e88fbfd7cd8b4ceda,20261006,1.0.0
20261006T171338Z,greenhouse:robinhood:8159896,evaluation,robinhood,Robinhood,"Senior Product Designer, Sports","Menlo Park, CA; New York, NY",Futures Product Management,senior,grp:greenhouse:robinhood:8159896,1,singleton,greenhouse:robinhood:8159896,bde5115511bfb4b67261591d7a90a8c1a1900e50ca29451459903edf0b72737b,20261006,1.0.0
20261006T171338Z,greenhouse:robinhood:8198153,evaluation,robinhood,Robinhood,Crypto Accounting Intern (Summer 2027),"New York, NY",[INACTIVE] Marketing,intern,grp:greenhouse:robinhood:8198153,1,singleton,greenhouse:robinhood:8198153,85c02533f6286fdbcc375f0deab3c4b3b429985da405dd48cb63f97b1ac1994b,20261006,1.0.0
20261006T171338Z,greenhouse:robinhood:8199973,evaluation,robinhood,Robinhood,Associate Product Manager (New Grad),"New York, NY",Customer Trust and Safety,entry,grp:greenhouse:robinhood:8199973,1,singleton,greenhouse:robinhood:8199973,af14353836af19be17ece0eacf2d21a6aec446194fc36164c7f5868021a54263,20261006,1.0.0
20261006T171338Z,greenhouse:robinhood:8202858,evaluation,robinhood,Robinhood,Senior Offensive Security Engineer,"Bellevue, WA; Denver, CO; Menlo Park, CA; New York, NY",Security Division,senior,grp:greenhouse:robinhood:8202858,1,singleton,greenhouse:robinhood:8202858,ffcd62bba9e173dee12637e44ad07870db630f6324aa62c7217f491ab207450f,20261006,1.0.0
20261006T171338Z,greenhouse:robinhood:8211366,evaluation,robinhood,Robinhood,"Social Media Manager, Brand","Menlo Park, CA; New York, NY",Content Marketing and Social Division,manager,grp:greenhouse:robinhood:8211366,1,singleton,greenhouse:robinhood:8211366,ce7e989eebacbe8fab090cb38697941ec42c08c2d648dbbee9ff18e6f043e72f,20261006,1.0.0
20261006T171338Z,greenhouse:robinhood:8214142,evaluation,robinhood,Robinhood,Offensive Security Intern (Summer 2027),"Bellevue, WA; Menlo Park, CA",Enterprise Technology Division,intern,grp:greenhouse:robinhood:8214142,1,singleton,greenhouse:robinhood:8214142,e56adb50a728c3ff1c1fc7b6478f9a257da40b5312f572939b3976a73e5d0c70,20261006,1.0.0
20261006T171338Z,greenhouse:robinhood:8226687,evaluation,robinhood,Robinhood,"Chief Compliance Officer, UK","London, UK",International G and A,executive,grp:greenhouse:robinhood:8226687,1,singleton,greenhouse:robinhood:8226687,52c99f999c106e0ad1cf032219a50d6a44cb217859fac7c33b01bfe2cbcff503,20261006,1.0.0
20261006T171338Z,greenhouse:robinhood:8244634,evaluation,robinhood,Robinhood,"Director of Partnerships, Robinhood Money","New York, NY",Money Operations,director,grp:greenhouse:robinhood:8244634,1,singleton,greenhouse:robinhood:8244634,c92d0d608a6474405c4445a5df09c3aa19c33bb6b13fc3d1457beb6b2b606fd2,20261006,1.0.0
