dataset,version,language,content,file_format,role,relative_path,sha256,bytes,source_url,acquired_on,acquisition_evidence,registered_at,licence
esco,v1.2.1,en,classification,csv,source_file,data/reference/ESCO dataset - v1.2.1 - classification - en - csv/ISCOGroups_en.csv,7a829bb6fddccbdb028d3ae69d822f2f1ba581522667f6185949c6d0788eaa1c,966601,https://esco.ec.europa.eu/en/use-esco/download,2026-10-06,date the extracted folder appeared in this repo (filesystem creation time 2026-10-06 14:47 EDT); portal download date not stated; original ZIP not available,2026-10-06T18:53:52Z,Commission Decision 2011/833/EU: free reuse for any purpose; acknowledge the source ('This service uses the ESCO classification of the European Commission'); modified versions must be indicated as such. See https://esco.ec.europa.eu/en/about-esco/faq
esco,v1.2.1,en,classification,csv,source_file,data/reference/ESCO dataset - v1.2.1 - classification - en - csv/broaderRelationsOccPillar_en.csv,b6b457a7b248e87734a5ef01f59f0bd4d083b6ad5e9251f6ed4cce51d69c6383,730008,https://esco.ec.europa.eu/en/use-esco/download,2026-10-06,date the extracted folder appeared in this repo (filesystem creation time 2026-10-06 14:47 EDT); portal download date not stated; original ZIP not available,2026-10-06T18:53:52Z,Commission Decision 2011/833/EU: free reuse for any purpose; acknowledge the source ('This service uses the ESCO classification of the European Commission'); modified versions must be indicated as such. See https://esco.ec.europa.eu/en/about-esco/faq
esco,v1.2.1,en,classification,csv,source_file,data/reference/ESCO dataset - v1.2.1 - classification - en - csv/broaderRelationsSkillPillar_en.csv,56b70f4852b1f53c6192c979310c34c93f95436621d907083cf0d55b51d8e42d,4944592,https://esco.ec.europa.eu/en/use-esco/download,2026-10-06,date the extracted folder appeared in this repo (filesystem creation time 2026-10-06 14:47 EDT); portal download date not stated; original ZIP not available,2026-10-06T18:53:52Z,Commission Decision 2011/833/EU: free reuse for any purpose; acknowledge the source ('This service uses the ESCO classification of the European Commission'); modified versions must be indicated as such. See https://esco.ec.europa.eu/en/about-esco/faq
esco,v1.2.1,en,classification,csv,source_file,data/reference/ESCO dataset - v1.2.1 - classification - en - csv/conceptSchemes_en.csv,4e5b4800e6cdc2013df0f22dfff72c0499cdce8bf9cfa333d6c4c14879dce517,941042,https://esco.ec.europa.eu/en/use-esco/download,2026-10-06,date the extracted folder appeared in this repo (filesystem creation time 2026-10-06 14:47 EDT); portal download date not stated; original ZIP not available,2026-10-06T18:53:52Z,Commission Decision 2011/833/EU: free reuse for any purpose; acknowledge the source ('This service uses the ESCO classification of the European Commission'); modified versions must be indicated as such. See https://esco.ec.europa.eu/en/about-esco/faq
esco,v1.2.1,en,classification,csv,source_file,data/reference/ESCO dataset - v1.2.1 - classification - en - csv/dictionary_en.csv,f20857239063a52af0a7668ae5b178144cb33ff626519fb50451457d59b54fec,19719,https://esco.ec.europa.eu/en/use-esco/download,2026-10-06,date the extracted folder appeared in this repo (filesystem creation time 2026-10-06 14:47 EDT); portal download date not stated; original ZIP not available,2026-10-06T18:53:52Z,Commission Decision 2011/833/EU: free reuse for any purpose; acknowledge the source ('This service uses the ESCO classification of the European Commission'); modified versions must be indicated as such. See https://esco.ec.europa.eu/en/about-esco/faq
esco,v1.2.1,en,classification,csv,source_file,data/reference/ESCO dataset - v1.2.1 - classification - en - csv/digCompSkillsCollection_en.csv,814108ed9bc93268abc6d717bbd36f876a73180da2ff1a89b4f867c50e1ae9d4,18759,https://esco.ec.europa.eu/en/use-esco/download,2026-10-06,date the extracted folder appeared in this repo (filesystem creation time 2026-10-06 14:47 EDT); portal download date not stated; original ZIP not available,2026-10-06T18:53:52Z,Commission Decision 2011/833/EU: free reuse for any purpose; acknowledge the source ('This service uses the ESCO classification of the European Commission'); modified versions must be indicated as such. See https://esco.ec.europa.eu/en/about-esco/faq
esco,v1.2.1,en,classification,csv,source_file,data/reference/ESCO dataset - v1.2.1 - classification - en - csv/digitalSkillsCollection_en.csv,9f2ee9179f0720826cbfc65627bd3642926ba4dfb3bf29250f22cb232c225b1e,811101,https://esco.ec.europa.eu/en/use-esco/download,2026-10-06,date the extracted folder appeared in this repo (filesystem creation time 2026-10-06 14:47 EDT); portal download date not stated; original ZIP not available,2026-10-06T18:53:52Z,Commission Decision 2011/833/EU: free reuse for any purpose; acknowledge the source ('This service uses the ESCO classification of the European Commission'); modified versions must be indicated as such. See https://esco.ec.europa.eu/en/about-esco/faq
esco,v1.2.1,en,classification,csv,source_file,data/reference/ESCO dataset - v1.2.1 - classification - en - csv/greenShareOcc_en.csv,b181bde83460dbd766268893dd6db4393006c15d788ae4c0f3f41c49719ab16a,452849,https://esco.ec.europa.eu/en/use-esco/download,2026-10-06,date the extracted folder appeared in this repo (filesystem creation time 2026-10-06 14:47 EDT); portal download date not stated; original ZIP not available,2026-10-06T18:53:52Z,Commission Decision 2011/833/EU: free reuse for any purpose; acknowledge the source ('This service uses the ESCO classification of the European Commission'); modified versions must be indicated as such. See https://esco.ec.europa.eu/en/about-esco/faq
esco,v1.2.1,en,classification,csv,source_file,data/reference/ESCO dataset - v1.2.1 - classification - en - csv/greenSkillsCollection_en.csv,502eaee4f496e7576ee078a76d5da03fa14f5476f740ca965ca2ef596d9683ab,455125,https://esco.ec.europa.eu/en/use-esco/download,2026-10-06,date the extracted folder appeared in this repo (filesystem creation time 2026-10-06 14:47 EDT); portal download date not stated; original ZIP not available,2026-10-06T18:53:52Z,Commission Decision 2011/833/EU: free reuse for any purpose; acknowledge the source ('This service uses the ESCO classification of the European Commission'); modified versions must be indicated as such. See https://esco.ec.europa.eu/en/about-esco/faq
esco,v1.2.1,en,classification,csv,source_file,data/reference/ESCO dataset - v1.2.1 - classification - en - csv/languageSkillsCollection_en.csv,93b2ca9ef1300a34c2262753e33dbcf6a3a17ad7d2afe435849649818ec6cf33,144359,https://esco.ec.europa.eu/en/use-esco/download,2026-10-06,date the extracted folder appeared in this repo (filesystem creation time 2026-10-06 14:47 EDT); portal download date not stated; original ZIP not available,2026-10-06T18:53:52Z,Commission Decision 2011/833/EU: free reuse for any purpose; acknowledge the source ('This service uses the ESCO classification of the European Commission'); modified versions must be indicated as such. See https://esco.ec.europa.eu/en/about-esco/faq
esco,v1.2.1,en,classification,csv,source_file,data/reference/ESCO dataset - v1.2.1 - classification - en - csv/occupationSkillRelations_en.csv,e1a46511f0ef4d505f106f1d41f528ef76d289f93e59d4d0cbaac38986102c44,27986628,https://esco.ec.europa.eu/en/use-esco/download,2026-10-06,date the extracted folder appeared in this repo (filesystem creation time 2026-10-06 14:47 EDT); portal download date not stated; original ZIP not available,2026-10-06T18:53:52Z,Commission Decision 2011/833/EU: free reuse for any purpose; acknowledge the source ('This service uses the ESCO classification of the European Commission'); modified versions must be indicated as such. See https://esco.ec.europa.eu/en/about-esco/faq
esco,v1.2.1,en,classification,csv,source_file,data/reference/ESCO dataset - v1.2.1 - classification - en - csv/occupations_en.csv,8034348d84b6d1dd24a5bcf9609186ecbba0a85457ee2eacd65bddec33a51b4a,3047703,https://esco.ec.europa.eu/en/use-esco/download,2026-10-06,date the extracted folder appeared in this repo (filesystem creation time 2026-10-06 14:47 EDT); portal download date not stated; original ZIP not available,2026-10-06T18:53:52Z,Commission Decision 2011/833/EU: free reuse for any purpose; acknowledge the source ('This service uses the ESCO classification of the European Commission'); modified versions must be indicated as such. See https://esco.ec.europa.eu/en/about-esco/faq
esco,v1.2.1,en,classification,csv,source_file,data/reference/ESCO dataset - v1.2.1 - classification - en - csv/researchOccupationsCollection_en.csv,85993f6460b6bb008985cd40341c3d373fac9989d854f76d2d3c6fc8dc2d6d1a,126900,https://esco.ec.europa.eu/en/use-esco/download,2026-10-06,date the extracted folder appeared in this repo (filesystem creation time 2026-10-06 14:47 EDT); portal download date not stated; original ZIP not available,2026-10-06T18:53:52Z,Commission Decision 2011/833/EU: free reuse for any purpose; acknowledge the source ('This service uses the ESCO classification of the European Commission'); modified versions must be indicated as such. See https://esco.ec.europa.eu/en/about-esco/faq
esco,v1.2.1,en,classification,csv,source_file,data/reference/ESCO dataset - v1.2.1 - classification - en - csv/researchSkillsCollection_en.csv,fd9b6bd45df2bad68e50d963ac366b5c7dec2917e178e69003b6d94bb1e41d13,27033,https://esco.ec.europa.eu/en/use-esco/download,2026-10-06,date the extracted folder appeared in this repo (filesystem creation time 2026-10-06 14:47 EDT); portal download date not stated; original ZIP not available,2026-10-06T18:53:52Z,Commission Decision 2011/833/EU: free reuse for any purpose; acknowledge the source ('This service uses the ESCO classification of the European Commission'); modified versions must be indicated as such. See https://esco.ec.europa.eu/en/about-esco/faq
esco,v1.2.1,en,classification,csv,source_file,data/reference/ESCO dataset - v1.2.1 - classification - en - csv/skillGroups_en.csv,644b68a174299eb05336eec36e0716c4671a0c6bdd4ac268803ecd6533dc739d,340935,https://esco.ec.europa.eu/en/use-esco/download,2026-10-06,date the extracted folder appeared in this repo (filesystem creation time 2026-10-06 14:47 EDT); portal download date not stated; original ZIP not available,2026-10-06T18:53:52Z,Commission Decision 2011/833/EU: free reuse for any purpose; acknowledge the source ('This service uses the ESCO classification of the European Commission'); modified versions must be indicated as such. See https://esco.ec.europa.eu/en/about-esco/faq
esco,v1.2.1,en,classification,csv,source_file,data/reference/ESCO dataset - v1.2.1 - classification - en - csv/skillSkillRelations_en.csv,64a5f8fb7b8dda4932ff06db4738ce1beed3906e45a49b14453349056c609439,1031275,https://esco.ec.europa.eu/en/use-esco/download,2026-10-06,date the extracted folder appeared in this repo (filesystem creation time 2026-10-06 14:47 EDT); portal download date not stated; original ZIP not available,2026-10-06T18:53:52Z,Commission Decision 2011/833/EU: free reuse for any purpose; acknowledge the source ('This service uses the ESCO classification of the European Commission'); modified versions must be indicated as such. See https://esco.ec.europa.eu/en/about-esco/faq
esco,v1.2.1,en,classification,csv,source_file,data/reference/ESCO dataset - v1.2.1 - classification - en - csv/skillsHierarchy_en.csv,295133872c6be7b7560de943efa4a6aab833a1b15af4d60c03b050ab0a75edcb,381733,https://esco.ec.europa.eu/en/use-esco/download,2026-10-06,date the extracted folder appeared in this repo (filesystem creation time 2026-10-06 14:47 EDT); portal download date not stated; original ZIP not available,2026-10-06T18:53:52Z,Commission Decision 2011/833/EU: free reuse for any purpose; acknowledge the source ('This service uses the ESCO classification of the European Commission'); modified versions must be indicated as such. See https://esco.ec.europa.eu/en/about-esco/faq
esco,v1.2.1,en,classification,csv,source_file,data/reference/ESCO dataset - v1.2.1 - classification - en - csv/skills_en.csv,d03b10efca94b4bcfa260a992cfde89c375f0fa12095d6662a663cfd2f9f2950,9302000,https://esco.ec.europa.eu/en/use-esco/download,2026-10-06,date the extracted folder appeared in this repo (filesystem creation time 2026-10-06 14:47 EDT); portal download date not stated; original ZIP not available,2026-10-06T18:53:52Z,Commission Decision 2011/833/EU: free reuse for any purpose; acknowledge the source ('This service uses the ESCO classification of the European Commission'); modified versions must be indicated as such. See https://esco.ec.europa.eu/en/about-esco/faq
esco,v1.2.1,en,classification,csv,source_file,data/reference/ESCO dataset - v1.2.1 - classification - en - csv/transversalSkillsCollection_en.csv,40bd1884f1c62b91ab86b6c87d7fab11b082c17b425975d0d178d1b5cb5e01ca,57293,https://esco.ec.europa.eu/en/use-esco/download,2026-10-06,date the extracted folder appeared in this repo (filesystem creation time 2026-10-06 14:47 EDT); portal download date not stated; original ZIP not available,2026-10-06T18:53:52Z,Commission Decision 2011/833/EU: free reuse for any purpose; acknowledge the source ('This service uses the ESCO classification of the European Commission'); modified versions must be indicated as such. See https://esco.ec.europa.eu/en/about-esco/faq
